-- MariaDB dump 10.17  Distrib 10.4.7-MariaDB, for Linux (x86_64)
--
-- Host: localhost    Database: innexo
-- ------------------------------------------------------
-- Server version	10.4.7-MariaDB

/*!40101 SET @OLD_CHARACTER_SET_CLIENT=@@CHARACTER_SET_CLIENT */;
/*!40101 SET @OLD_CHARACTER_SET_RESULTS=@@CHARACTER_SET_RESULTS */;
/*!40101 SET @OLD_COLLATION_CONNECTION=@@COLLATION_CONNECTION */;
/*!40101 SET NAMES utf8mb4 */;
/*!40103 SET @OLD_TIME_ZONE=@@TIME_ZONE */;
/*!40103 SET TIME_ZONE='+00:00' */;
/*!40014 SET @OLD_UNIQUE_CHECKS=@@UNIQUE_CHECKS, UNIQUE_CHECKS=0 */;
/*!40014 SET @OLD_FOREIGN_KEY_CHECKS=@@FOREIGN_KEY_CHECKS, FOREIGN_KEY_CHECKS=0 */;
/*!40101 SET @OLD_SQL_MODE=@@SQL_MODE, SQL_MODE='NO_AUTO_VALUE_ON_ZERO' */;
/*!40111 SET @OLD_SQL_NOTES=@@SQL_NOTES, SQL_NOTES=0 */;

--
-- Table structure for table `api_key`
--

DROP TABLE IF EXISTS `api_key`;
/*!40101 SET @saved_cs_client     = @@character_set_client */;
/*!40101 SET character_set_client = utf8 */;
CREATE TABLE `api_key` (
  `id` bigint(20) NOT NULL AUTO_INCREMENT,
  `user_id` bigint(20) NOT NULL,
  `creation_time` bigint(20) NOT NULL,
  `expiration_time` bigint(20) NOT NULL,
  `key_hash` char(64) COLLATE utf8mb4_unicode_ci NOT NULL,
  PRIMARY KEY (`id`)
) ENGINE=InnoDB AUTO_INCREMENT=56 DEFAULT CHARSET=utf8mb4 COLLATE=utf8mb4_unicode_ci;
/*!40101 SET character_set_client = @saved_cs_client */;

--
-- Dumping data for table `api_key`
--

LOCK TABLES `api_key` WRITE;
/*!40000 ALTER TABLE `api_key` DISABLE KEYS */;
INSERT INTO `api_key` VALUES (1,1,1564028826,2147483647,'W4ebmalH-VJCO8eV-eQSfPNW1Lf-95Z0Qp-43xw4pYU='),(50,2,1564807516,1564915516,'RQmYYZRbLKr5rYwvmdUBR6qWKdVbIdTmBfIMD1573kI='),(51,2,1565051850,1565159850,'5Wg5RkP7Ec2eN4QVV3rXTBS9_qkqTItf7jr7TbnZxZI='),(52,2,1565053480,1565161479,'_i-A-C3uZCa8Cx0qF_DDGqvU6ZefpN7QgfnxXKJ9PMY='),(53,2,1565102330,1565210330,'SZ1JAiUhSQP7JLqrnzUq6k3HEZrC_DsJqrzqPsFsrCw='),(54,2,1565130512,1565238512,'lPWPhL-ue4TGaIjZv0y1wD1zKs-s-dnz7KCChiOYitM='),(55,2,1565151817186,1565259817076,'M6AWm2uFpNs4R-Fz1qQPhm_crIDeHb0DGcTm3vNlOW0=');
/*!40000 ALTER TABLE `api_key` ENABLE KEYS */;
UNLOCK TABLES;

--
-- Table structure for table `course`
--

DROP TABLE IF EXISTS `course`;
/*!40101 SET @saved_cs_client     = @@character_set_client */;
/*!40101 SET character_set_client = utf8 */;
CREATE TABLE `course` (
  `id` bigint(20) NOT NULL AUTO_INCREMENT,
  `teacher_id` bigint(20) NOT NULL,
  `location_id` bigint(20) NOT NULL,
  `period` bigint(20) NOT NULL,
  `subject` varchar(31) COLLATE utf8mb4_unicode_ci NOT NULL,
  `year` bigint(20) NOT NULL,
  PRIMARY KEY (`id`)
) ENGINE=InnoDB AUTO_INCREMENT=5 DEFAULT CHARSET=utf8mb4 COLLATE=utf8mb4_unicode_ci;
/*!40101 SET character_set_client = @saved_cs_client */;

--
-- Dumping data for table `course`
--

LOCK TABLES `course` WRITE;
/*!40000 ALTER TABLE `course` DISABLE KEYS */;
INSERT INTO `course` VALUES (1,2,3,1,'history',2020),(2,3,2,1,'math',2020),(3,2,2,2,'english',2020),(4,3,3,2,'chemistry',2020);
/*!40000 ALTER TABLE `course` ENABLE KEYS */;
UNLOCK TABLES;

--
-- Table structure for table `encounter`
--

DROP TABLE IF EXISTS `encounter`;
/*!40101 SET @saved_cs_client     = @@character_set_client */;
/*!40101 SET character_set_client = utf8 */;
CREATE TABLE `encounter` (
  `id` bigint(20) NOT NULL AUTO_INCREMENT,
  `time` bigint(20) NOT NULL,
  `location_id` bigint(20) NOT NULL,
  `student_id` bigint(20) NOT NULL,
  PRIMARY KEY (`id`)
) ENGINE=InnoDB AUTO_INCREMENT=3 DEFAULT CHARSET=utf8mb4 COLLATE=utf8mb4_unicode_ci;
/*!40101 SET character_set_client = @saved_cs_client */;

--
-- Dumping data for table `encounter`
--

LOCK TABLES `encounter` WRITE;
/*!40000 ALTER TABLE `encounter` DISABLE KEYS */;
INSERT INTO `encounter` VALUES (1,1565155403613,3,30094614),(2,1565155405125,3,30094614);
/*!40000 ALTER TABLE `encounter` ENABLE KEYS */;
UNLOCK TABLES;

--
-- Table structure for table `location`
--

DROP TABLE IF EXISTS `location`;
/*!40101 SET @saved_cs_client     = @@character_set_client */;
/*!40101 SET character_set_client = utf8 */;
CREATE TABLE `location` (
  `id` bigint(20) NOT NULL AUTO_INCREMENT,
  `name` varchar(255) COLLATE utf8mb4_unicode_ci NOT NULL,
  `tags` varchar(255) COLLATE utf8mb4_unicode_ci NOT NULL,
  PRIMARY KEY (`id`)
) ENGINE=InnoDB AUTO_INCREMENT=6 DEFAULT CHARSET=utf8mb4 COLLATE=utf8mb4_unicode_ci;
/*!40101 SET character_set_client = @saved_cs_client */;

--
-- Dumping data for table `location`
--

LOCK TABLES `location` WRITE;
/*!40000 ALTER TABLE `location` DISABLE KEYS */;
INSERT INTO `location` VALUES (1,'Main Office','restricted'),(2,'Room 503','classroom'),(3,'Room 500','classroom'),(4,'Room 501','classroom'),(5,'Room 502','classroom');
/*!40000 ALTER TABLE `location` ENABLE KEYS */;
UNLOCK TABLES;

--
-- Table structure for table `period`
--

DROP TABLE IF EXISTS `period`;
/*!40101 SET @saved_cs_client     = @@character_set_client */;
/*!40101 SET character_set_client = utf8 */;
CREATE TABLE `period` (
  `id` bigint(20) NOT NULL AUTO_INCREMENT,
  `start_time` bigint(20) NOT NULL,
  `end_time` bigint(20) NOT NULL,
  `period` bigint(20) NOT NULL,
  PRIMARY KEY (`id`)
) ENGINE=InnoDB AUTO_INCREMENT=1001 DEFAULT CHARSET=utf8mb4 COLLATE=utf8mb4_unicode_ci;
/*!40101 SET character_set_client = @saved_cs_client */;

--
-- Dumping data for table `period`
--

LOCK TABLES `period` WRITE;
/*!40000 ALTER TABLE `period` DISABLE KEYS */;
INSERT INTO `period` VALUES (1,1565154074482,1565154116552,1),(2,1565154134482,1565154176652,2),(3,1565154194482,1565154236752,1),(4,1565154254482,1565154296852,2),(5,1565154314482,1565154356952,1),(6,1565154374482,1565154417052,2),(7,1565154434482,1565154477152,1),(8,1565154494482,1565154537252,2),(9,1565154554482,1565154597352,1),(10,1565154614482,1565154657452,2),(11,1565154674482,1565154717552,1),(12,1565154734482,1565154777652,2),(13,1565154794482,1565154837752,1),(14,1565154854482,1565154897852,2),(15,1565154914482,1565154957952,1),(16,1565154974482,1565155018052,2),(17,1565155034482,1565155078152,1),(18,1565155094482,1565155138252,2),(19,1565155154482,1565155198352,1),(20,1565155214482,1565155258452,2),(21,1565155274482,1565155318552,1),(22,1565155334482,1565155378652,2),(23,1565155394482,1565155438752,1),(24,1565155454482,1565155498852,2),(25,1565155514482,1565155558952,1),(26,1565155574482,1565155619052,2),(27,1565155634482,1565155679152,1),(28,1565155694482,1565155739252,2),(29,1565155754482,1565155799352,1),(30,1565155814482,1565155859452,2),(31,1565155874482,1565155919552,1),(32,1565155934482,1565155979652,2),(33,1565155994482,1565156039752,1),(34,1565156054482,1565156099852,2),(35,1565156114482,1565156159952,1),(36,1565156174482,1565156220052,2),(37,1565156234482,1565156280152,1),(38,1565156294482,1565156340252,2),(39,1565156354482,1565156400352,1),(40,1565156414482,1565156460452,2),(41,1565156474482,1565156520552,1),(42,1565156534482,1565156580652,2),(43,1565156594482,1565156640752,1),(44,1565156654482,1565156700852,2),(45,1565156714482,1565156760952,1),(46,1565156774482,1565156821052,2),(47,1565156834482,1565156881152,1),(48,1565156894482,1565156941252,2),(49,1565156954482,1565157001352,1),(50,1565157014482,1565157061452,2),(51,1565157074482,1565157121552,1),(52,1565157134482,1565157181652,2),(53,1565157194482,1565157241752,1),(54,1565157254482,1565157301852,2),(55,1565157314482,1565157361952,1),(56,1565157374482,1565157422052,2),(57,1565157434482,1565157482152,1),(58,1565157494482,1565157542252,2),(59,1565157554482,1565157602352,1),(60,1565157614482,1565157662452,2),(61,1565157674482,1565157722552,1),(62,1565157734482,1565157782652,2),(63,1565157794482,1565157842752,1),(64,1565157854482,1565157902852,2),(65,1565157914482,1565157962952,1),(66,1565157974482,1565158023052,2),(67,1565158034482,1565158083152,1),(68,1565158094482,1565158143252,2),(69,1565158154482,1565158203352,1),(70,1565158214482,1565158263452,2),(71,1565158274482,1565158323552,1),(72,1565158334482,1565158383652,2),(73,1565158394482,1565158443752,1),(74,1565158454482,1565158503852,2),(75,1565158514482,1565158563952,1),(76,1565158574482,1565158624052,2),(77,1565158634482,1565158684152,1),(78,1565158694482,1565158744252,2),(79,1565158754482,1565158804352,1),(80,1565158814482,1565158864452,2),(81,1565158874482,1565158924552,1),(82,1565158934482,1565158984652,2),(83,1565158994482,1565159044752,1),(84,1565159054482,1565159104852,2),(85,1565159114482,1565159164952,1),(86,1565159174482,1565159225052,2),(87,1565159234482,1565159285152,1),(88,1565159294482,1565159345252,2),(89,1565159354482,1565159405352,1),(90,1565159414482,1565159465452,2),(91,1565159474482,1565159525552,1),(92,1565159534482,1565159585652,2),(93,1565159594482,1565159645752,1),(94,1565159654482,1565159705852,2),(95,1565159714482,1565159765952,1),(96,1565159774482,1565159826052,2),(97,1565159834482,1565159886152,1),(98,1565159894482,1565159946252,2),(99,1565159954482,1565160006352,1),(100,1565160014482,1565160066452,2),(101,1565160074482,1565160126552,1),(102,1565160134482,1565160186652,2),(103,1565160194482,1565160246752,1),(104,1565160254482,1565160306852,2),(105,1565160314482,1565160366952,1),(106,1565160374482,1565160427052,2),(107,1565160434482,1565160487152,1),(108,1565160494482,1565160547252,2),(109,1565160554482,1565160607352,1),(110,1565160614482,1565160667452,2),(111,1565160674482,1565160727552,1),(112,1565160734482,1565160787652,2),(113,1565160794482,1565160847752,1),(114,1565160854482,1565160907852,2),(115,1565160914482,1565160967952,1),(116,1565160974482,1565161028052,2),(117,1565161034482,1565161088152,1),(118,1565161094482,1565161148252,2),(119,1565161154482,1565161208352,1),(120,1565161214482,1565161268452,2),(121,1565161274482,1565161328552,1),(122,1565161334482,1565161388652,2),(123,1565161394482,1565161448752,1),(124,1565161454482,1565161508852,2),(125,1565161514482,1565161568952,1),(126,1565161574482,1565161629052,2),(127,1565161634482,1565161689152,1),(128,1565161694482,1565161749252,2),(129,1565161754482,1565161809352,1),(130,1565161814482,1565161869452,2),(131,1565161874482,1565161929552,1),(132,1565161934482,1565161989652,2),(133,1565161994482,1565162049752,1),(134,1565162054482,1565162109852,2),(135,1565162114482,1565162169952,1),(136,1565162174482,1565162230052,2),(137,1565162234482,1565162290152,1),(138,1565162294482,1565162350252,2),(139,1565162354482,1565162410352,1),(140,1565162414482,1565162470452,2),(141,1565162474482,1565162530552,1),(142,1565162534482,1565162590652,2),(143,1565162594482,1565162650752,1),(144,1565162654482,1565162710852,2),(145,1565162714482,1565162770952,1),(146,1565162774482,1565162831052,2),(147,1565162834482,1565162891152,1),(148,1565162894482,1565162951252,2),(149,1565162954482,1565163011352,1),(150,1565163014482,1565163071452,2),(151,1565163074482,1565163131552,1),(152,1565163134482,1565163191652,2),(153,1565163194482,1565163251752,1),(154,1565163254482,1565163311852,2),(155,1565163314482,1565163371952,1),(156,1565163374482,1565163432052,2),(157,1565163434482,1565163492152,1),(158,1565163494482,1565163552252,2),(159,1565163554482,1565163612352,1),(160,1565163614482,1565163672452,2),(161,1565163674482,1565163732552,1),(162,1565163734482,1565163792652,2),(163,1565163794482,1565163852752,1),(164,1565163854482,1565163912852,2),(165,1565163914482,1565163972952,1),(166,1565163974482,1565164033052,2),(167,1565164034482,1565164093152,1),(168,1565164094482,1565164153252,2),(169,1565164154482,1565164213352,1),(170,1565164214482,1565164273452,2),(171,1565164274482,1565164333552,1),(172,1565164334482,1565164393652,2),(173,1565164394482,1565164453752,1),(174,1565164454482,1565164513852,2),(175,1565164514482,1565164573952,1),(176,1565164574482,1565164634052,2),(177,1565164634482,1565164694152,1),(178,1565164694482,1565164754252,2),(179,1565164754482,1565164814352,1),(180,1565164814482,1565164874452,2),(181,1565164874482,1565164934552,1),(182,1565164934482,1565164994652,2),(183,1565164994482,1565165054752,1),(184,1565165054482,1565165114852,2),(185,1565165114482,1565165174952,1),(186,1565165174482,1565165235052,2),(187,1565165234482,1565165295152,1),(188,1565165294482,1565165355252,2),(189,1565165354482,1565165415352,1),(190,1565165414482,1565165475452,2),(191,1565165474482,1565165535552,1),(192,1565165534482,1565165595652,2),(193,1565165594482,1565165655752,1),(194,1565165654482,1565165715852,2),(195,1565165714482,1565165775952,1),(196,1565165774482,1565165836052,2),(197,1565165834482,1565165896152,1),(198,1565165894482,1565165956252,2),(199,1565165954482,1565166016352,1),(200,1565166014482,1565166076452,2),(201,1565166074482,1565166136552,1),(202,1565166134482,1565166196652,2),(203,1565166194482,1565166256752,1),(204,1565166254482,1565166316852,2),(205,1565166314482,1565166376952,1),(206,1565166374482,1565166437052,2),(207,1565166434482,1565166497152,1),(208,1565166494482,1565166557252,2),(209,1565166554482,1565166617352,1),(210,1565166614482,1565166677452,2),(211,1565166674482,1565166737552,1),(212,1565166734482,1565166797652,2),(213,1565166794482,1565166857752,1),(214,1565166854482,1565166917852,2),(215,1565166914482,1565166977952,1),(216,1565166974482,1565167038052,2),(217,1565167034482,1565167098152,1),(218,1565167094482,1565167158252,2),(219,1565167154482,1565167218352,1),(220,1565167214482,1565167278452,2),(221,1565167274482,1565167338552,1),(222,1565167334482,1565167398652,2),(223,1565167394482,1565167458752,1),(224,1565167454482,1565167518852,2),(225,1565167514482,1565167578952,1),(226,1565167574482,1565167639052,2),(227,1565167634482,1565167699152,1),(228,1565167694482,1565167759252,2),(229,1565167754482,1565167819352,1),(230,1565167814482,1565167879452,2),(231,1565167874482,1565167939552,1),(232,1565167934482,1565167999652,2),(233,1565167994482,1565168059752,1),(234,1565168054482,1565168119852,2),(235,1565168114482,1565168179952,1),(236,1565168174482,1565168240052,2),(237,1565168234482,1565168300152,1),(238,1565168294482,1565168360252,2),(239,1565168354482,1565168420352,1),(240,1565168414482,1565168480452,2),(241,1565168474482,1565168540552,1),(242,1565168534482,1565168600652,2),(243,1565168594482,1565168660752,1),(244,1565168654482,1565168720852,2),(245,1565168714482,1565168780952,1),(246,1565168774482,1565168841052,2),(247,1565168834482,1565168901152,1),(248,1565168894482,1565168961252,2),(249,1565168954482,1565169021352,1),(250,1565169014482,1565169081452,2),(251,1565169074482,1565169141552,1),(252,1565169134482,1565169201652,2),(253,1565169194482,1565169261752,1),(254,1565169254482,1565169321852,2),(255,1565169314482,1565169381952,1),(256,1565169374482,1565169442052,2),(257,1565169434482,1565169502152,1),(258,1565169494482,1565169562252,2),(259,1565169554482,1565169622352,1),(260,1565169614482,1565169682452,2),(261,1565169674482,1565169742552,1),(262,1565169734482,1565169802652,2),(263,1565169794482,1565169862752,1),(264,1565169854482,1565169922852,2),(265,1565169914482,1565169982952,1),(266,1565169974482,1565170043052,2),(267,1565170034482,1565170103152,1),(268,1565170094482,1565170163252,2),(269,1565170154482,1565170223352,1),(270,1565170214482,1565170283452,2),(271,1565170274482,1565170343552,1),(272,1565170334482,1565170403652,2),(273,1565170394482,1565170463752,1),(274,1565170454482,1565170523852,2),(275,1565170514482,1565170583952,1),(276,1565170574482,1565170644052,2),(277,1565170634482,1565170704152,1),(278,1565170694482,1565170764252,2),(279,1565170754482,1565170824352,1),(280,1565170814482,1565170884452,2),(281,1565170874482,1565170944552,1),(282,1565170934482,1565171004652,2),(283,1565170994482,1565171064752,1),(284,1565171054482,1565171124852,2),(285,1565171114482,1565171184952,1),(286,1565171174482,1565171245052,2),(287,1565171234482,1565171305152,1),(288,1565171294482,1565171365252,2),(289,1565171354482,1565171425352,1),(290,1565171414482,1565171485452,2),(291,1565171474482,1565171545552,1),(292,1565171534482,1565171605652,2),(293,1565171594482,1565171665752,1),(294,1565171654482,1565171725852,2),(295,1565171714482,1565171785952,1),(296,1565171774482,1565171846052,2),(297,1565171834482,1565171906152,1),(298,1565171894482,1565171966252,2),(299,1565171954482,1565172026352,1),(300,1565172014482,1565172086452,2),(301,1565172074482,1565172146552,1),(302,1565172134482,1565172206652,2),(303,1565172194482,1565172266752,1),(304,1565172254482,1565172326852,2),(305,1565172314482,1565172386952,1),(306,1565172374482,1565172447052,2),(307,1565172434482,1565172507152,1),(308,1565172494482,1565172567252,2),(309,1565172554482,1565172627352,1),(310,1565172614482,1565172687452,2),(311,1565172674482,1565172747552,1),(312,1565172734482,1565172807652,2),(313,1565172794482,1565172867752,1),(314,1565172854482,1565172927852,2),(315,1565172914482,1565172987952,1),(316,1565172974482,1565173048052,2),(317,1565173034482,1565173108152,1),(318,1565173094482,1565173168252,2),(319,1565173154482,1565173228352,1),(320,1565173214482,1565173288452,2),(321,1565173274482,1565173348552,1),(322,1565173334482,1565173408652,2),(323,1565173394482,1565173468752,1),(324,1565173454482,1565173528852,2),(325,1565173514482,1565173588952,1),(326,1565173574482,1565173649052,2),(327,1565173634482,1565173709152,1),(328,1565173694482,1565173769252,2),(329,1565173754482,1565173829352,1),(330,1565173814482,1565173889452,2),(331,1565173874482,1565173949552,1),(332,1565173934482,1565174009652,2),(333,1565173994482,1565174069752,1),(334,1565174054482,1565174129852,2),(335,1565174114482,1565174189952,1),(336,1565174174482,1565174250052,2),(337,1565174234482,1565174310152,1),(338,1565174294482,1565174370252,2),(339,1565174354482,1565174430352,1),(340,1565174414482,1565174490452,2),(341,1565174474482,1565174550552,1),(342,1565174534482,1565174610652,2),(343,1565174594482,1565174670752,1),(344,1565174654482,1565174730852,2),(345,1565174714482,1565174790952,1),(346,1565174774482,1565174851052,2),(347,1565174834482,1565174911152,1),(348,1565174894482,1565174971252,2),(349,1565174954482,1565175031352,1),(350,1565175014482,1565175091452,2),(351,1565175074482,1565175151552,1),(352,1565175134482,1565175211652,2),(353,1565175194482,1565175271752,1),(354,1565175254482,1565175331852,2),(355,1565175314482,1565175391952,1),(356,1565175374482,1565175452052,2),(357,1565175434482,1565175512152,1),(358,1565175494482,1565175572252,2),(359,1565175554482,1565175632352,1),(360,1565175614482,1565175692452,2),(361,1565175674482,1565175752552,1),(362,1565175734482,1565175812652,2),(363,1565175794482,1565175872752,1),(364,1565175854482,1565175932852,2),(365,1565175914482,1565175992952,1),(366,1565175974482,1565176053052,2),(367,1565176034482,1565176113152,1),(368,1565176094482,1565176173252,2),(369,1565176154482,1565176233352,1),(370,1565176214482,1565176293452,2),(371,1565176274482,1565176353552,1),(372,1565176334482,1565176413652,2),(373,1565176394482,1565176473752,1),(374,1565176454482,1565176533852,2),(375,1565176514482,1565176593952,1),(376,1565176574482,1565176654052,2),(377,1565176634482,1565176714152,1),(378,1565176694482,1565176774252,2),(379,1565176754482,1565176834352,1),(380,1565176814482,1565176894452,2),(381,1565176874482,1565176954552,1),(382,1565176934482,1565177014652,2),(383,1565176994482,1565177074752,1),(384,1565177054482,1565177134852,2),(385,1565177114482,1565177194952,1),(386,1565177174482,1565177255052,2),(387,1565177234482,1565177315152,1),(388,1565177294482,1565177375252,2),(389,1565177354482,1565177435352,1),(390,1565177414482,1565177495452,2),(391,1565177474482,1565177555552,1),(392,1565177534482,1565177615652,2),(393,1565177594482,1565177675752,1),(394,1565177654482,1565177735852,2),(395,1565177714482,1565177795952,1),(396,1565177774482,1565177856052,2),(397,1565177834482,1565177916152,1),(398,1565177894482,1565177976252,2),(399,1565177954482,1565178036352,1),(400,1565178014482,1565178096452,2),(401,1565178074482,1565178156552,1),(402,1565178134482,1565178216652,2),(403,1565178194482,1565178276752,1),(404,1565178254482,1565178336852,2),(405,1565178314482,1565178396952,1),(406,1565178374482,1565178457052,2),(407,1565178434482,1565178517152,1),(408,1565178494482,1565178577252,2),(409,1565178554482,1565178637352,1),(410,1565178614482,1565178697452,2),(411,1565178674482,1565178757552,1),(412,1565178734482,1565178817652,2),(413,1565178794482,1565178877752,1),(414,1565178854482,1565178937852,2),(415,1565178914482,1565178997952,1),(416,1565178974482,1565179058052,2),(417,1565179034482,1565179118152,1),(418,1565179094482,1565179178252,2),(419,1565179154482,1565179238352,1),(420,1565179214482,1565179298452,2),(421,1565179274482,1565179358552,1),(422,1565179334482,1565179418652,2),(423,1565179394482,1565179478752,1),(424,1565179454482,1565179538852,2),(425,1565179514482,1565179598952,1),(426,1565179574482,1565179659052,2),(427,1565179634482,1565179719152,1),(428,1565179694482,1565179779252,2),(429,1565179754482,1565179839352,1),(430,1565179814482,1565179899452,2),(431,1565179874482,1565179959552,1),(432,1565179934482,1565180019652,2),(433,1565179994482,1565180079752,1),(434,1565180054482,1565180139852,2),(435,1565180114482,1565180199952,1),(436,1565180174482,1565180260052,2),(437,1565180234482,1565180320152,1),(438,1565180294482,1565180380252,2),(439,1565180354482,1565180440352,1),(440,1565180414482,1565180500452,2),(441,1565180474482,1565180560552,1),(442,1565180534482,1565180620652,2),(443,1565180594482,1565180680752,1),(444,1565180654482,1565180740852,2),(445,1565180714482,1565180800952,1),(446,1565180774482,1565180861052,2),(447,1565180834482,1565180921152,1),(448,1565180894482,1565180981252,2),(449,1565180954482,1565181041352,1),(450,1565181014482,1565181101452,2),(451,1565181074482,1565181161552,1),(452,1565181134482,1565181221652,2),(453,1565181194482,1565181281752,1),(454,1565181254482,1565181341852,2),(455,1565181314482,1565181401952,1),(456,1565181374482,1565181462052,2),(457,1565181434482,1565181522152,1),(458,1565181494482,1565181582252,2),(459,1565181554482,1565181642352,1),(460,1565181614482,1565181702452,2),(461,1565181674482,1565181762552,1),(462,1565181734482,1565181822652,2),(463,1565181794482,1565181882752,1),(464,1565181854482,1565181942852,2),(465,1565181914482,1565182002952,1),(466,1565181974482,1565182063052,2),(467,1565182034482,1565182123152,1),(468,1565182094482,1565182183252,2),(469,1565182154482,1565182243352,1),(470,1565182214482,1565182303452,2),(471,1565182274482,1565182363552,1),(472,1565182334482,1565182423652,2),(473,1565182394482,1565182483752,1),(474,1565182454482,1565182543852,2),(475,1565182514482,1565182603952,1),(476,1565182574482,1565182664052,2),(477,1565182634482,1565182724152,1),(478,1565182694482,1565182784252,2),(479,1565182754482,1565182844352,1),(480,1565182814482,1565182904452,2),(481,1565182874482,1565182964552,1),(482,1565182934482,1565183024652,2),(483,1565182994482,1565183084752,1),(484,1565183054482,1565183144852,2),(485,1565183114482,1565183204952,1),(486,1565183174482,1565183265052,2),(487,1565183234482,1565183325152,1),(488,1565183294482,1565183385252,2),(489,1565183354482,1565183445352,1),(490,1565183414482,1565183505452,2),(491,1565183474482,1565183565552,1),(492,1565183534482,1565183625652,2),(493,1565183594482,1565183685752,1),(494,1565183654482,1565183745852,2),(495,1565183714482,1565183805952,1),(496,1565183774482,1565183866052,2),(497,1565183834482,1565183926152,1),(498,1565183894482,1565183986252,2),(499,1565183954482,1565184046352,1),(500,1565184014482,1565184106452,2),(501,1565184074482,1565184166552,1),(502,1565184134482,1565184226652,2),(503,1565184194482,1565184286752,1),(504,1565184254482,1565184346852,2),(505,1565184314482,1565184406952,1),(506,1565184374482,1565184467052,2),(507,1565184434482,1565184527152,1),(508,1565184494482,1565184587252,2),(509,1565184554482,1565184647352,1),(510,1565184614482,1565184707452,2),(511,1565184674482,1565184767552,1),(512,1565184734482,1565184827652,2),(513,1565184794482,1565184887752,1),(514,1565184854482,1565184947852,2),(515,1565184914482,1565185007952,1),(516,1565184974482,1565185068052,2),(517,1565185034482,1565185128152,1),(518,1565185094482,1565185188252,2),(519,1565185154482,1565185248352,1),(520,1565185214482,1565185308452,2),(521,1565185274482,1565185368552,1),(522,1565185334482,1565185428652,2),(523,1565185394482,1565185488752,1),(524,1565185454482,1565185548852,2),(525,1565185514482,1565185608952,1),(526,1565185574482,1565185669052,2),(527,1565185634482,1565185729152,1),(528,1565185694482,1565185789252,2),(529,1565185754482,1565185849352,1),(530,1565185814482,1565185909452,2),(531,1565185874482,1565185969552,1),(532,1565185934482,1565186029652,2),(533,1565185994482,1565186089752,1),(534,1565186054482,1565186149852,2),(535,1565186114482,1565186209952,1),(536,1565186174482,1565186270052,2),(537,1565186234482,1565186330152,1),(538,1565186294482,1565186390252,2),(539,1565186354482,1565186450352,1),(540,1565186414482,1565186510452,2),(541,1565186474482,1565186570552,1),(542,1565186534482,1565186630652,2),(543,1565186594482,1565186690752,1),(544,1565186654482,1565186750852,2),(545,1565186714482,1565186810952,1),(546,1565186774482,1565186871052,2),(547,1565186834482,1565186931152,1),(548,1565186894482,1565186991252,2),(549,1565186954482,1565187051352,1),(550,1565187014482,1565187111452,2),(551,1565187074482,1565187171552,1),(552,1565187134482,1565187231652,2),(553,1565187194482,1565187291752,1),(554,1565187254482,1565187351852,2),(555,1565187314482,1565187411952,1),(556,1565187374482,1565187472052,2),(557,1565187434482,1565187532152,1),(558,1565187494482,1565187592252,2),(559,1565187554482,1565187652352,1),(560,1565187614482,1565187712452,2),(561,1565187674482,1565187772552,1),(562,1565187734482,1565187832652,2),(563,1565187794482,1565187892752,1),(564,1565187854482,1565187952852,2),(565,1565187914482,1565188012952,1),(566,1565187974482,1565188073052,2),(567,1565188034482,1565188133152,1),(568,1565188094482,1565188193252,2),(569,1565188154482,1565188253352,1),(570,1565188214482,1565188313452,2),(571,1565188274482,1565188373552,1),(572,1565188334482,1565188433652,2),(573,1565188394482,1565188493752,1),(574,1565188454482,1565188553852,2),(575,1565188514482,1565188613952,1),(576,1565188574482,1565188674052,2),(577,1565188634482,1565188734152,1),(578,1565188694482,1565188794252,2),(579,1565188754482,1565188854352,1),(580,1565188814482,1565188914452,2),(581,1565188874482,1565188974552,1),(582,1565188934482,1565189034652,2),(583,1565188994482,1565189094752,1),(584,1565189054482,1565189154852,2),(585,1565189114482,1565189214952,1),(586,1565189174482,1565189275052,2),(587,1565189234482,1565189335152,1),(588,1565189294482,1565189395252,2),(589,1565189354482,1565189455352,1),(590,1565189414482,1565189515452,2),(591,1565189474482,1565189575552,1),(592,1565189534482,1565189635652,2),(593,1565189594482,1565189695752,1),(594,1565189654482,1565189755852,2),(595,1565189714482,1565189815952,1),(596,1565189774482,1565189876052,2),(597,1565189834482,1565189936152,1),(598,1565189894482,1565189996252,2),(599,1565189954482,1565190056352,1),(600,1565190014482,1565190116452,2),(601,1565190074482,1565190176552,1),(602,1565190134482,1565190236652,2),(603,1565190194482,1565190296752,1),(604,1565190254482,1565190356852,2),(605,1565190314482,1565190416952,1),(606,1565190374482,1565190477052,2),(607,1565190434482,1565190537152,1),(608,1565190494482,1565190597252,2),(609,1565190554482,1565190657352,1),(610,1565190614482,1565190717452,2),(611,1565190674482,1565190777552,1),(612,1565190734482,1565190837652,2),(613,1565190794482,1565190897752,1),(614,1565190854482,1565190957852,2),(615,1565190914482,1565191017952,1),(616,1565190974482,1565191078052,2),(617,1565191034482,1565191138152,1),(618,1565191094482,1565191198252,2),(619,1565191154482,1565191258352,1),(620,1565191214482,1565191318452,2),(621,1565191274482,1565191378552,1),(622,1565191334482,1565191438652,2),(623,1565191394482,1565191498752,1),(624,1565191454482,1565191558852,2),(625,1565191514482,1565191618952,1),(626,1565191574482,1565191679052,2),(627,1565191634482,1565191739152,1),(628,1565191694482,1565191799252,2),(629,1565191754482,1565191859352,1),(630,1565191814482,1565191919452,2),(631,1565191874482,1565191979552,1),(632,1565191934482,1565192039652,2),(633,1565191994482,1565192099752,1),(634,1565192054482,1565192159852,2),(635,1565192114482,1565192219952,1),(636,1565192174482,1565192280052,2),(637,1565192234482,1565192340152,1),(638,1565192294482,1565192400252,2),(639,1565192354482,1565192460352,1),(640,1565192414482,1565192520452,2),(641,1565192474482,1565192580552,1),(642,1565192534482,1565192640652,2),(643,1565192594482,1565192700752,1),(644,1565192654482,1565192760852,2),(645,1565192714482,1565192820952,1),(646,1565192774482,1565192881052,2),(647,1565192834482,1565192941152,1),(648,1565192894482,1565193001252,2),(649,1565192954482,1565193061352,1),(650,1565193014482,1565193121452,2),(651,1565193074482,1565193181552,1),(652,1565193134482,1565193241652,2),(653,1565193194482,1565193301752,1),(654,1565193254482,1565193361852,2),(655,1565193314482,1565193421952,1),(656,1565193374482,1565193482052,2),(657,1565193434482,1565193542152,1),(658,1565193494482,1565193602252,2),(659,1565193554482,1565193662352,1),(660,1565193614482,1565193722452,2),(661,1565193674482,1565193782552,1),(662,1565193734482,1565193842652,2),(663,1565193794482,1565193902752,1),(664,1565193854482,1565193962852,2),(665,1565193914482,1565194022952,1),(666,1565193974482,1565194083052,2),(667,1565194034482,1565194143152,1),(668,1565194094482,1565194203252,2),(669,1565194154482,1565194263352,1),(670,1565194214482,1565194323452,2),(671,1565194274482,1565194383552,1),(672,1565194334482,1565194443652,2),(673,1565194394482,1565194503752,1),(674,1565194454482,1565194563852,2),(675,1565194514482,1565194623952,1),(676,1565194574482,1565194684052,2),(677,1565194634482,1565194744152,1),(678,1565194694482,1565194804252,2),(679,1565194754482,1565194864352,1),(680,1565194814482,1565194924452,2),(681,1565194874482,1565194984552,1),(682,1565194934482,1565195044652,2),(683,1565194994482,1565195104752,1),(684,1565195054482,1565195164852,2),(685,1565195114482,1565195224952,1),(686,1565195174482,1565195285052,2),(687,1565195234482,1565195345152,1),(688,1565195294482,1565195405252,2),(689,1565195354482,1565195465352,1),(690,1565195414482,1565195525452,2),(691,1565195474482,1565195585552,1),(692,1565195534482,1565195645652,2),(693,1565195594482,1565195705752,1),(694,1565195654482,1565195765852,2),(695,1565195714482,1565195825952,1),(696,1565195774482,1565195886052,2),(697,1565195834482,1565195946152,1),(698,1565195894482,1565196006252,2),(699,1565195954482,1565196066352,1),(700,1565196014482,1565196126452,2),(701,1565196074482,1565196186552,1),(702,1565196134482,1565196246652,2),(703,1565196194482,1565196306752,1),(704,1565196254482,1565196366852,2),(705,1565196314482,1565196426952,1),(706,1565196374482,1565196487052,2),(707,1565196434482,1565196547152,1),(708,1565196494482,1565196607252,2),(709,1565196554482,1565196667352,1),(710,1565196614482,1565196727452,2),(711,1565196674482,1565196787552,1),(712,1565196734482,1565196847652,2),(713,1565196794482,1565196907752,1),(714,1565196854482,1565196967852,2),(715,1565196914482,1565197027952,1),(716,1565196974482,1565197088052,2),(717,1565197034482,1565197148152,1),(718,1565197094482,1565197208252,2),(719,1565197154482,1565197268352,1),(720,1565197214482,1565197328452,2),(721,1565197274482,1565197388552,1),(722,1565197334482,1565197448652,2),(723,1565197394482,1565197508752,1),(724,1565197454482,1565197568852,2),(725,1565197514482,1565197628952,1),(726,1565197574482,1565197689052,2),(727,1565197634482,1565197749152,1),(728,1565197694482,1565197809252,2),(729,1565197754482,1565197869352,1),(730,1565197814482,1565197929452,2),(731,1565197874482,1565197989552,1),(732,1565197934482,1565198049652,2),(733,1565197994482,1565198109752,1),(734,1565198054482,1565198169852,2),(735,1565198114482,1565198229952,1),(736,1565198174482,1565198290052,2),(737,1565198234482,1565198350152,1),(738,1565198294482,1565198410252,2),(739,1565198354482,1565198470352,1),(740,1565198414482,1565198530452,2),(741,1565198474482,1565198590552,1),(742,1565198534482,1565198650652,2),(743,1565198594482,1565198710752,1),(744,1565198654482,1565198770852,2),(745,1565198714482,1565198830952,1),(746,1565198774482,1565198891052,2),(747,1565198834482,1565198951152,1),(748,1565198894482,1565199011252,2),(749,1565198954482,1565199071352,1),(750,1565199014482,1565199131452,2),(751,1565199074482,1565199191552,1),(752,1565199134482,1565199251652,2),(753,1565199194482,1565199311752,1),(754,1565199254482,1565199371852,2),(755,1565199314482,1565199431952,1),(756,1565199374482,1565199492052,2),(757,1565199434482,1565199552152,1),(758,1565199494482,1565199612252,2),(759,1565199554482,1565199672352,1),(760,1565199614482,1565199732452,2),(761,1565199674482,1565199792552,1),(762,1565199734482,1565199852652,2),(763,1565199794482,1565199912752,1),(764,1565199854482,1565199972852,2),(765,1565199914482,1565200032952,1),(766,1565199974482,1565200093052,2),(767,1565200034482,1565200153152,1),(768,1565200094482,1565200213252,2),(769,1565200154482,1565200273352,1),(770,1565200214482,1565200333452,2),(771,1565200274482,1565200393552,1),(772,1565200334482,1565200453652,2),(773,1565200394482,1565200513752,1),(774,1565200454482,1565200573852,2),(775,1565200514482,1565200633952,1),(776,1565200574482,1565200694052,2),(777,1565200634482,1565200754152,1),(778,1565200694482,1565200814252,2),(779,1565200754482,1565200874352,1),(780,1565200814482,1565200934452,2),(781,1565200874482,1565200994552,1),(782,1565200934482,1565201054652,2),(783,1565200994482,1565201114752,1),(784,1565201054482,1565201174852,2),(785,1565201114482,1565201234952,1),(786,1565201174482,1565201295052,2),(787,1565201234482,1565201355152,1),(788,1565201294482,1565201415252,2),(789,1565201354482,1565201475352,1),(790,1565201414482,1565201535452,2),(791,1565201474482,1565201595552,1),(792,1565201534482,1565201655652,2),(793,1565201594482,1565201715752,1),(794,1565201654482,1565201775852,2),(795,1565201714482,1565201835952,1),(796,1565201774482,1565201896052,2),(797,1565201834482,1565201956152,1),(798,1565201894482,1565202016252,2),(799,1565201954482,1565202076352,1),(800,1565202014482,1565202136452,2),(801,1565202074482,1565202196552,1),(802,1565202134482,1565202256652,2),(803,1565202194482,1565202316752,1),(804,1565202254482,1565202376852,2),(805,1565202314482,1565202436952,1),(806,1565202374482,1565202497052,2),(807,1565202434482,1565202557152,1),(808,1565202494482,1565202617252,2),(809,1565202554482,1565202677352,1),(810,1565202614482,1565202737452,2),(811,1565202674482,1565202797552,1),(812,1565202734482,1565202857652,2),(813,1565202794482,1565202917752,1),(814,1565202854482,1565202977852,2),(815,1565202914482,1565203037952,1),(816,1565202974482,1565203098052,2),(817,1565203034482,1565203158152,1),(818,1565203094482,1565203218252,2),(819,1565203154482,1565203278352,1),(820,1565203214482,1565203338452,2),(821,1565203274482,1565203398552,1),(822,1565203334482,1565203458652,2),(823,1565203394482,1565203518752,1),(824,1565203454482,1565203578852,2),(825,1565203514482,1565203638952,1),(826,1565203574482,1565203699052,2),(827,1565203634482,1565203759152,1),(828,1565203694482,1565203819252,2),(829,1565203754482,1565203879352,1),(830,1565203814482,1565203939452,2),(831,1565203874482,1565203999552,1),(832,1565203934482,1565204059652,2),(833,1565203994482,1565204119752,1),(834,1565204054482,1565204179852,2),(835,1565204114482,1565204239952,1),(836,1565204174482,1565204300052,2),(837,1565204234482,1565204360152,1),(838,1565204294482,1565204420252,2),(839,1565204354482,1565204480352,1),(840,1565204414482,1565204540452,2),(841,1565204474482,1565204600552,1),(842,1565204534482,1565204660652,2),(843,1565204594482,1565204720752,1),(844,1565204654482,1565204780852,2),(845,1565204714482,1565204840952,1),(846,1565204774482,1565204901052,2),(847,1565204834482,1565204961152,1),(848,1565204894482,1565205021252,2),(849,1565204954482,1565205081352,1),(850,1565205014482,1565205141452,2),(851,1565205074482,1565205201552,1),(852,1565205134482,1565205261652,2),(853,1565205194482,1565205321752,1),(854,1565205254482,1565205381852,2),(855,1565205314482,1565205441952,1),(856,1565205374482,1565205502052,2),(857,1565205434482,1565205562152,1),(858,1565205494482,1565205622252,2),(859,1565205554482,1565205682352,1),(860,1565205614482,1565205742452,2),(861,1565205674482,1565205802552,1),(862,1565205734482,1565205862652,2),(863,1565205794482,1565205922752,1),(864,1565205854482,1565205982852,2),(865,1565205914482,1565206042952,1),(866,1565205974482,1565206103052,2),(867,1565206034482,1565206163152,1),(868,1565206094482,1565206223252,2),(869,1565206154482,1565206283352,1),(870,1565206214482,1565206343452,2),(871,1565206274482,1565206403552,1),(872,1565206334482,1565206463652,2),(873,1565206394482,1565206523752,1),(874,1565206454482,1565206583852,2),(875,1565206514482,1565206643952,1),(876,1565206574482,1565206704052,2),(877,1565206634482,1565206764152,1),(878,1565206694482,1565206824252,2),(879,1565206754482,1565206884352,1),(880,1565206814482,1565206944452,2),(881,1565206874482,1565207004552,1),(882,1565206934482,1565207064652,2),(883,1565206994482,1565207124752,1),(884,1565207054482,1565207184852,2),(885,1565207114482,1565207244952,1),(886,1565207174482,1565207305052,2),(887,1565207234482,1565207365152,1),(888,1565207294482,1565207425252,2),(889,1565207354482,1565207485352,1),(890,1565207414482,1565207545452,2),(891,1565207474482,1565207605552,1),(892,1565207534482,1565207665652,2),(893,1565207594482,1565207725752,1),(894,1565207654482,1565207785852,2),(895,1565207714482,1565207845952,1),(896,1565207774482,1565207906052,2),(897,1565207834482,1565207966152,1),(898,1565207894482,1565208026252,2),(899,1565207954482,1565208086352,1),(900,1565208014482,1565208146452,2),(901,1565208074482,1565208206552,1),(902,1565208134482,1565208266652,2),(903,1565208194482,1565208326752,1),(904,1565208254482,1565208386852,2),(905,1565208314482,1565208446952,1),(906,1565208374482,1565208507052,2),(907,1565208434482,1565208567152,1),(908,1565208494482,1565208627252,2),(909,1565208554482,1565208687352,1),(910,1565208614482,1565208747452,2),(911,1565208674482,1565208807552,1),(912,1565208734482,1565208867652,2),(913,1565208794482,1565208927752,1),(914,1565208854482,1565208987852,2),(915,1565208914482,1565209047952,1),(916,1565208974482,1565209108052,2),(917,1565209034482,1565209168152,1),(918,1565209094482,1565209228252,2),(919,1565209154482,1565209288352,1),(920,1565209214482,1565209348452,2),(921,1565209274482,1565209408552,1),(922,1565209334482,1565209468652,2),(923,1565209394482,1565209528752,1),(924,1565209454482,1565209588852,2),(925,1565209514482,1565209648952,1),(926,1565209574482,1565209709052,2),(927,1565209634482,1565209769152,1),(928,1565209694482,1565209829252,2),(929,1565209754482,1565209889352,1),(930,1565209814482,1565209949452,2),(931,1565209874482,1565210009552,1),(932,1565209934482,1565210069652,2),(933,1565209994482,1565210129752,1),(934,1565210054482,1565210189852,2),(935,1565210114482,1565210249952,1),(936,1565210174482,1565210310052,2),(937,1565210234482,1565210370152,1),(938,1565210294482,1565210430252,2),(939,1565210354482,1565210490352,1),(940,1565210414482,1565210550452,2),(941,1565210474482,1565210610552,1),(942,1565210534482,1565210670652,2),(943,1565210594482,1565210730752,1),(944,1565210654482,1565210790852,2),(945,1565210714482,1565210850952,1),(946,1565210774482,1565210911052,2),(947,1565210834482,1565210971152,1),(948,1565210894482,1565211031252,2),(949,1565210954482,1565211091352,1),(950,1565211014482,1565211151452,2),(951,1565211074482,1565211211552,1),(952,1565211134482,1565211271652,2),(953,1565211194482,1565211331752,1),(954,1565211254482,1565211391852,2),(955,1565211314482,1565211451952,1),(956,1565211374482,1565211512052,2),(957,1565211434482,1565211572152,1),(958,1565211494482,1565211632252,2),(959,1565211554482,1565211692352,1),(960,1565211614482,1565211752452,2),(961,1565211674482,1565211812552,1),(962,1565211734482,1565211872652,2),(963,1565211794482,1565211932752,1),(964,1565211854482,1565211992852,2),(965,1565211914482,1565212052952,1),(966,1565211974482,1565212113052,2),(967,1565212034482,1565212173152,1),(968,1565212094482,1565212233252,2),(969,1565212154482,1565212293352,1),(970,1565212214482,1565212353452,2),(971,1565212274482,1565212413552,1),(972,1565212334482,1565212473652,2),(973,1565212394482,1565212533752,1),(974,1565212454482,1565212593852,2),(975,1565212514482,1565212653952,1),(976,1565212574482,1565212714052,2),(977,1565212634482,1565212774152,1),(978,1565212694482,1565212834252,2),(979,1565212754482,1565212894352,1),(980,1565212814482,1565212954452,2),(981,1565212874482,1565213014552,1),(982,1565212934482,1565213074652,2),(983,1565212994482,1565213134752,1),(984,1565213054482,1565213194852,2),(985,1565213114482,1565213254952,1),(986,1565213174482,1565213315052,2),(987,1565213234482,1565213375152,1),(988,1565213294482,1565213435252,2),(989,1565213354482,1565213495352,1),(990,1565213414482,1565213555452,2),(991,1565213474482,1565213615552,1),(992,1565213534482,1565213675652,2),(993,1565213594482,1565213735752,1),(994,1565213654482,1565213795852,2),(995,1565213714482,1565213855952,1),(996,1565213774482,1565213916052,2),(997,1565213834482,1565213976152,1),(998,1565213894482,1565214036252,2),(999,1565213954482,1565214096352,1),(1000,1565214014482,1565214156452,2);
/*!40000 ALTER TABLE `period` ENABLE KEYS */;
UNLOCK TABLES;

--
-- Table structure for table `schedule`
--

DROP TABLE IF EXISTS `schedule`;
/*!40101 SET @saved_cs_client     = @@character_set_client */;
/*!40101 SET character_set_client = utf8 */;
CREATE TABLE `schedule` (
  `id` bigint(20) NOT NULL AUTO_INCREMENT,
  `student_id` bigint(20) NOT NULL,
  `course_id` bigint(20) NOT NULL,
  PRIMARY KEY (`id`)
) ENGINE=InnoDB AUTO_INCREMENT=24 DEFAULT CHARSET=utf8mb4 COLLATE=utf8mb4_unicode_ci;
/*!40101 SET character_set_client = @saved_cs_client */;

--
-- Dumping data for table `schedule`
--

LOCK TABLES `schedule` WRITE;
/*!40000 ALTER TABLE `schedule` DISABLE KEYS */;
INSERT INTO `schedule` VALUES (1,30091735,1),(2,30092415,1),(3,30092430,1),(4,30115956,1),(5,30092039,1),(6,30091785,1),(7,30092464,1),(8,30107994,1),(9,30092814,1),(10,30092875,1),(11,30095143,1),(12,30091660,1),(13,30094462,1),(14,30106463,1),(15,30105130,1),(16,30091918,1),(17,30094614,1),(18,30089932,1),(19,30092955,1),(20,30091993,1),(21,30109163,1),(22,30093558,1),(23,30091670,1);
/*!40000 ALTER TABLE `schedule` ENABLE KEYS */;
UNLOCK TABLES;

--
-- Table structure for table `session`
--

DROP TABLE IF EXISTS `session`;
/*!40101 SET @saved_cs_client     = @@character_set_client */;
/*!40101 SET character_set_client = utf8 */;
CREATE TABLE `session` (
  `id` bigint(20) NOT NULL AUTO_INCREMENT,
  `in_encounter_id` bigint(20) NOT NULL,
  `out_encounter_id` bigint(20) NOT NULL,
  `course_id` bigint(20) NOT NULL,
  `complete` tinyint(1) NOT NULL,
  PRIMARY KEY (`id`)
) ENGINE=InnoDB AUTO_INCREMENT=2 DEFAULT CHARSET=utf8mb4 COLLATE=utf8mb4_unicode_ci;
/*!40101 SET character_set_client = @saved_cs_client */;

--
-- Dumping data for table `session`
--

LOCK TABLES `session` WRITE;
/*!40000 ALTER TABLE `session` DISABLE KEYS */;
INSERT INTO `session` VALUES (1,1,2,1,1);
/*!40000 ALTER TABLE `session` ENABLE KEYS */;
UNLOCK TABLES;

--
-- Table structure for table `student`
--

DROP TABLE IF EXISTS `student`;
/*!40101 SET @saved_cs_client     = @@character_set_client */;
/*!40101 SET character_set_client = utf8 */;
CREATE TABLE `student` (
  `id` bigint(20) NOT NULL,
  `name` varchar(255) COLLATE utf8mb4_unicode_ci NOT NULL,
  `graduating_year` bigint(20) NOT NULL,
  `tags` varchar(255) COLLATE utf8mb4_unicode_ci NOT NULL,
  PRIMARY KEY (`id`)
) ENGINE=InnoDB DEFAULT CHARSET=utf8mb4 COLLATE=utf8mb4_unicode_ci;
/*!40101 SET character_set_client = @saved_cs_client */;

--
-- Dumping data for table `student`
--

LOCK TABLES `student` WRITE;
/*!40000 ALTER TABLE `student` DISABLE KEYS */;
INSERT INTO `student` VALUES (30089932,'RAYCARD QUINTO',2020,''),(30091660,'JAZMIN MARTINEZ',2020,''),(30091670,'LAUREN XIE',2020,''),(30091735,'OSKAR ATTAR',2020,''),(30091785,'ZACHARY IGUELMAMENE',2020,''),(30091918,'MINH PHAN',2020,''),(30091993,'DAN TRAN',2020,''),(30092039,'ISHA GONUGUNTA',2020,''),(30092415,'DANIEL BINOY',2020,''),(30092430,'LUCAS CHAVES MEYLES',2020,''),(30092464,'VIKASNI KALAHASTHI',2020,''),(30092814,'RICHARD LE',2020,''),(30092875,'CHRISTOPHER LEE',2020,''),(30092955,'NITISH REUBEN',2020,''),(30093558,'STEVEN VARY',2020,''),(30094462,'SANJANA NANDI',2021,''),(30094614,'GOVIND PIMPALE',2021,''),(30095143,'JASON LY',2021,''),(30105130,'JINSUNG PARK',2021,''),(30106463,'NIDHI PANCHAL',2020,''),(30107994,'ANDREW LE',2020,''),(30109163,'KENNETH TRAN',2020,''),(30115956,'ETHAN GARCIA',2021,'');
/*!40000 ALTER TABLE `student` ENABLE KEYS */;
UNLOCK TABLES;

--
-- Table structure for table `user`
--

DROP TABLE IF EXISTS `user`;
/*!40101 SET @saved_cs_client     = @@character_set_client */;
/*!40101 SET character_set_client = utf8 */;
CREATE TABLE `user` (
  `id` bigint(20) NOT NULL AUTO_INCREMENT,
  `name` varchar(255) COLLATE utf8mb4_unicode_ci NOT NULL,
  `email` varchar(255) COLLATE utf8mb4_unicode_ci NOT NULL,
  `password_hash` char(60) COLLATE utf8mb4_unicode_ci NOT NULL,
  `ring` bigint(2) NOT NULL,
  `prefstring` varchar(1023) COLLATE utf8mb4_unicode_ci NOT NULL,
  PRIMARY KEY (`id`),
  UNIQUE KEY `email` (`email`)
) ENGINE=InnoDB AUTO_INCREMENT=4 DEFAULT CHARSET=utf8mb4 COLLATE=utf8mb4_unicode_ci;
/*!40101 SET character_set_client = @saved_cs_client */;

--
-- Dumping data for table `user`
--

LOCK TABLES `user` WRITE;
/*!40000 ALTER TABLE `user` DISABLE KEYS */;
INSERT INTO `user` VALUES (1,'Adam Smith','adamsmith@example.com','$2a$10$QP.tNPcWees66yCZ3w03leoj8j16cXcGxvEcxehRCN7XsawCJGv8y',0,'{\"colourTheme\":\"dark\",\"sidebarStyle\":\"fixed\",\"sidebarInfo\":\"augmented\"}'),(2,'Bernard Johnson','bernardjohnson@example.com','$2a$10$7N0TLOnkez33cLQKMTeCV.VyuxfXdYmtO5JEA4gE4penZBqFLGGJ2',1,'{\"colourTheme\":\"dark\",\"sidebarStyle\":\"fixed\",\"sidebarInfo\":\"augmented\"}'),(3,'Clara Brown','clarabrown@example.com','$2a$10$B4BiQbAZeD18ztqa7629oeiLyMEd/om9KGo/S7w/iG8IqLiOKiegu',1,'');
/*!40000 ALTER TABLE `user` ENABLE KEYS */;
UNLOCK TABLES;
/*!40103 SET TIME_ZONE=@OLD_TIME_ZONE */;

/*!40101 SET SQL_MODE=@OLD_SQL_MODE */;
/*!40014 SET FOREIGN_KEY_CHECKS=@OLD_FOREIGN_KEY_CHECKS */;
/*!40014 SET UNIQUE_CHECKS=@OLD_UNIQUE_CHECKS */;
/*!40101 SET CHARACTER_SET_CLIENT=@OLD_CHARACTER_SET_CLIENT */;
/*!40101 SET CHARACTER_SET_RESULTS=@OLD_CHARACTER_SET_RESULTS */;
/*!40101 SET COLLATION_CONNECTION=@OLD_COLLATION_CONNECTION */;
/*!40111 SET SQL_NOTES=@OLD_SQL_NOTES */;

-- Dump completed on 2019-08-16 18:19:49
